filename,width,height
1eba1856-c145-4cff-b480-82f274dcafe1,1920,1280
2b2189c1-2b77-46a4-b4eb-17546af72af5,1280,848
0babdd92-603f-4efb-80e4-f597c1582719,1463,1920
2773d1e9-fda7-42ea-b645-a7eb251d359c,1920,1271
34bdfd0a-671d-4ab1-b32c-59f0025fd7e4,1920,1358
3c0e259c-a6fc-455f-b358-731c4b518c8a,1920,1280
138f07ce-2346-4514-8f6b-be057b6c461c,1920,1279
5415cfb8-c94f-497f-b0a8-aeabae954587,1920,1280
546c89db-0ef9-4eee-acd8-7b44b8ba5c8f,1920,1080
571d0374-3644-4044-b092-635c323edc76,1920,989
5666c948-57ec-4d25-a804-018304f4eb1b,1920,1276
58570ea4-0088-443a-986e-df0700d02ef9,1920,1280
62cee61e-35c8-41c4-b0d1-a15c4fbe12fe,1920,1440
661242ea-da43-4f4a-820a-60684ac3e083,1920,1275
64acec57-010c-426e-ad9a-8dd55c6dad29,1920,1280
9677c5aa-68c6-407c-8832-2cdfe1a2f9c6,1920,1280
a1a36a66-e18f-4372-b114-b4af1b9562dc,1920,1282
9538d11e-c44a-4ae3-87ce-1407e4b9949b,1920,1078
bfe47ef0-8fd0-48ec-9562-4b3edee83fed,1920,1280
8a73b190-a776-4244-a730-75f1c2eedb9d,1920,1440
c57c3a47-91d9-453d-9519-d3c1dc6212ad,1920,1271
cc1299c7-39ea-4676-b8fe-a849f9c698f7,1920,1280
c97721d4-9f87-44d2-bf7c-4d23f3ee3116,1920,1233
cc615c44-29c1-4483-b555-857ecb5ac2bf,1920,1282
ccd9de8d-83c8-4de1-bb20-ea858fa3b9f3,1920,1271
e9f53398-546a-49c0-b5c9-954cf9f1243b,1920,1440
ec822a7f-1802-478e-b51a-93392afcad95,1920,1282
ece4fac7-afeb-4c2d-833f-cc5cdd8aa92d,1920,1134
fe9caecf-2fad-4993-84cf-03db0ad3e59e,1459,1920